<?xml version="1.0" encoding="UTF-8"?>

<mule xmlns:file="http://www.mulesoft.org/schema/mule/file" xmlns:tracking="http://www.mulesoft.org/schema/mule/ee/tracking" xmlns:http="http://www.mulesoft.org/schema/mule/http" xmlns="http://www.mulesoft.org/schema/mule/core" xmlns:doc="http://www.mulesoft.org/schema/mule/documentation"
	xmlns:spring="http://www.springframework.org/schema/beans"
	xmlns:management="http://www.mulesoft.org/schema/mule/management" 
	xmlns:xsi="http://www.w3.org/2001/XMLSchema-instance"
	xsi:schemaLocation="http://www.springframework.org/schema/beans http://www.springframework.org/schema/beans/spring-beans-current.xsd
http://www.mulesoft.org/schema/mule/core http://www.mulesoft.org/schema/mule/core/current/mule.xsd
http://www.mulesoft.org/schema/mule/http http://www.mulesoft.org/schema/mule/http/current/mule-http.xsd
http://www.mulesoft.org/schema/mule/file http://www.mulesoft.org/schema/mule/file/current/mule-file.xsd
http://www.mulesoft.org/schema/mule/management http://www.mulesoft.org/schema/mule/management/3.1/mule-management.xsd
http://www.mulesoft.org/schema/mule/ee/tracking http://www.mulesoft.org/schema/mule/ee/tracking/current/mule-tracking-ee.xsd">
    <http:listener-config name="HTTP_Listener_Configuration" host="0.0.0.0" port="8081" doc:name="HTTP Listener Configuration"/>
    <flow name="basic_tutorialFlow">
        <http:listener config-ref="HTTP_Listener_Configuration" path="/world" doc:name="HTTP"/>
        <expression-filter expression="#[message.inboundProperties.'http.request.uri' != 'favicon.ico']" doc:name="Expression"/>
        <set-variable variableName="language" value="#[message.inboundProperties.'http.query.params'.language]" doc:name="Set language"/>
        <choice doc:name="Choice">
            <when expression="#[flowVars.language == 'English']">
                <set-payload value="Hi there" doc:name="Reply in English"/>
            </when>
            <otherwise>
                <set-payload value="Ola" doc:name="Reply in Portuguese"/>
            </otherwise>
        </choice>
        <logger message="Current Path is #[message.inboundProperties.'http.request.path']" level="INFO" doc:name="Logger"/>
    </flow>
    <custom-agent name="jolokia-agent" class="org.jolokia.mule.JolokiaMuleAgent">
      <spring:property name="port" value="8899"/>
   	</custom-agent>
   <management:jmx-server/>
</mule>
